1016027000	Nuclear export protein
1016027001	Hemagglutinin
1016027002	Polymerase acidic protein
1016027003	Protein PB1-F2
1016027004	Polymerase basic protein 2
1016027005	Neuraminidase
1016027006	Polymerase basic protein 2
1016027007	Major capsid protein
1016027008	Uncharacterized protein
1016027009	Polymerase acidic protein
1016027010	Hemagglutinin
1016027011	RNA-directed RNA polymerase catalytic subunit
1016027012	Non-structural protein 1
1016027013	Capsid protein C
1016027014	Protein PB1-F2
1016027015	Large envelope protein
1016027016	Hemagglutinin
1016027017	Nuclear export protein
1016027018	Putative adenine modification enzyme
1016027019	Uncharacterized protein
1016027020	Uncharacterized protein
1016027021	Uncharacterized protein
1016027022	Putative terminase small subunit
1016027023	Uncharacterized protein
1016027024	Uncharacterized protein
1016027025	Putative exodeoxyribonuclease 8
1016027026	VRR-NUC domain-containing protein
1016027027	Uncharacterized protein
1016027028	Uncharacterized protein
1016027029	Uncharacterized protein
1016027030	Neuraminidase
1016027031	Non-structural protein 1
1016027032	Nucleoprotein
1016027033	Nucleoprotein
1016027034	Uncharacterized protein
1016027035	Protein PB1-F2
1016027036	Polymerase acidic protein
1016027037	RNA-directed RNA polymerase catalytic subunit
1016027038	Neuraminidase
1016027039	Matrix protein 1
1016027040	Non-structural protein 1
1016027041	Hemagglutinin
1016027042	Protein PA-X
1016027043	Hemagglutinin
1016027044	Uncharacterized protein
1016027045	Polymerase
1016027046	Protein PA-X
1016027047	Uncharacterized protein
1016027048	Uncharacterized protein
1016027049	Major capsid protein
1016027050	Putative minor capsid protein 10B
1016027051	Uncharacterized protein
1016027052	Uncharacterized protein
1016027053	Polymerase
1016027054	Uncharacterized protein
1016027055	Uncharacterized protein
1016027056	Uncharacterized protein
1016027057	Putative terminase large subunit
1016027058	Putative portal protein
1016027059	Putative structural protein
1016027060	Uncharacterized protein
1016027061	Uncharacterized protein
1016027062	Putative peptidase M15
1016027063	PDDEXK_5 domain-containing protein
1016027064	RNA-directed RNA polymerase catalytic subunit
1016027065	Major capsid protein
1016027066	Nuclear export protein
1016027067	Non-structural protein 1
1016027068	Uncharacterized protein
1016027069	Protein PB1-F2
1016027070	Matrix protein 2
1016027071	Polymerase basic protein 2
1016027072	Protein PB1-F2
1016027073	Protein PA-X
1016027074	Neuraminidase
1016027075	Uncharacterized protein
1016027076	Major capsid protein
1016027077	Protein PA-X
1016027078	Capsid protein C
1016027079	Major capsid protein
1016027080	Uncharacterized protein
1016027081	Uncharacterized protein
1016027082	Uncharacterized protein
1016027083	Putative portal protein
1016027084	Uncharacterized protein
1016027085	Uncharacterized protein
1016027086	Uncharacterized protein
1016027087	Uncharacterized protein
1016027088	PDDEXK_5 domain-containing protein
1016027089	Uncharacterized protein
1016027090	Uncharacterized protein
1016027091	Uncharacterized protein
1016027092	Putative exodeoxyribonuclease 8
1016027093	Putative endolysin
1016027094	Uncharacterized protein
1016027095	Putative head completion protein
1016027096	DNA pilot protein
1016027097	Hemagglutinin
1016027098	Nucleoprotein
1016027099	Neuraminidase
1016027100	Polymerase acidic protein
1016027101	Neuraminidase
1016027102	RNA-directed RNA polymerase catalytic subunit
1016027103	Uncharacterized protein
1016027104	Non-structural protein 1
1016027105	Protein PA-X
1016027106	Hemagglutinin
1016027107	Nucleoprotein
1016027108	Uncharacterized protein
1016027109	Replication initiation protein
1016027110	Putative single-stranded DNA-binding protein
1016027111	Uncharacterized protein
1016027112	HTH cro/C1-type domain-containing protein
1016027113	Putative terminase large subunit
1016027114	Replication initiation protein
1016027115	Uncharacterized protein
1016027116	Uncharacterized protein
1016027117	Large envelope protein
1016027118	Large envelope protein
1016027119	Uncharacterized protein
1016027120	Uncharacterized protein
1016027121	Putative peptidoglycan hydrolase
1016027122	Uncharacterized protein
1016027123	Uncharacterized protein
1016027124	Crossover junction endodeoxyribonuclease RuvC
1016027125	Uncharacterized protein
1016027126	Putative integrase
1016027127	Uncharacterized protein
1016027128	Uncharacterized protein
1016027129	Protein PA-X
1016027130	Uncharacterized protein
1016027131	Nucleoprotein
1016027132	RNA-directed RNA polymerase catalytic subunit
1016027133	Protein PB1-F2
1016027134	Matrix protein 1
1016027135	Nucleoprotein
1016027136	RNA-directed RNA polymerase catalytic subunit
1016027137	Hemagglutinin
1016027138	Hemagglutinin
1016027139	Non-structural protein 1
1016027140	Matrix protein 2
1016027141	Uncharacterized protein
1016027142	Uncharacterized protein
1016027143	Uncharacterized protein
1016027144	Uncharacterized protein
1016027145	Uncharacterized protein
1016027146	Polymerase
1016027147	Peptidase_M15_4 domain-containing protein
1016027148	Uncharacterized protein
1016027149	Uncharacterized protein
1016027150	Uncharacterized protein
1016027151	Uncharacterized protein
1016027152	Uncharacterized protein
1016027153	Putative tape measure protein
1016027154	Uncharacterized protein
1016027155	Uncharacterized protein
1016027156	Uncharacterized protein
1016027157	Uncharacterized protein
1016027158	Major capsid protein
1016027159	Uncharacterized protein
1016027160	Uncharacterized protein
1016027161	Uncharacterized protein
1016027162	Nuclear export protein
1016027163	DNA pilot protein
1016027164	Matrix protein 2
1016027165	Protein PB1-F2
1016027166	Matrix protein 2
1016027167	Non-structural protein 1
1016027168	Polymerase basic protein 2
1016027169	Polymerase acidic protein
1016027170	Matrix protein 1
1016027171	Polymerase acidic protein
1016027172	Protein PB1-F2
1016027173	Neuraminidase
1016027174	Non-structural protein 1
1016027175	Hemagglutinin
1016027176	Polymerase acidic protein
1016027177	RNA-directed RNA polymerase catalytic subunit
1016027178	Major capsid protein
1016027179	Large envelope protein
1016027180	Uncharacterized protein
1016027181	Uncharacterized protein
1016027182	Uncharacterized protein
1016027183	Uncharacterized protein
1016027184	Capsid protein C
1016027185	Uncharacterized protein
1016027186	Uncharacterized protein
1016027187	Uncharacterized protein
1016027188	Uncharacterized protein
1016027189	Uncharacterized protein
1016027190	Putative terminase large subunit
1016027191	Uncharacterized protein
1016027192	Uncharacterized protein
1016027193	Uncharacterized protein
1016027194	Putative tape measure protein
1016027195	Non-structural protein 1
1016027196	Protein PB1-F2
1016027197	Uncharacterized protein
1016027198	Uncharacterized protein
1016027199	Nuclear export protein
1016027200	Protein PB1-F2
1016027201	Neuraminidase
1016027202	Nucleoprotein
1016027203	Polymerase basic protein 2
1016027204	Neuraminidase
1016027205	Protein PA-X
1016027206	Uncharacterized protein
1016027207	Uncharacterized protein
1016027208	Uncharacterized protein
1016027209	Putative endolysin
1016027210	Uncharacterized protein
1016027211	Large envelope protein
1016027212	Uncharacterized protein
1016027213	Bac_DnaA_C domain-containing protein
1016027214	Uncharacterized protein
1016027215	Uncharacterized protein
1016027216	Polymerase
1016027217	Uncharacterized protein
1016027218	HTH cro/C1-type domain-containing protein
1016027219	Uncharacterized protein
1016027220	Uncharacterized protein
1016027221	Putative portal protein
1016027222	Uncharacterized protein
1016027223	Uncharacterized protein
1016027224	Major capsid protein
1016027225	Uncharacterized protein
1016027226	Capsid protein C
1016027227	Nonstructural protein
1016027228	Protein PA-X
1016027229	Hemagglutinin
1016027230	RNA-directed RNA polymerase catalytic subunit
1016027231	Major capsid protein
1016027232	Protein PA-X
1016027233	Replication initiation protein
1016027234	Neuraminidase
1016027235	Nuclear export protein
1016027236	Non-structural protein 1
1016027237	Matrix protein 1
1016027238	Uncharacterized protein
1016027239	Matrix protein 2
1016027240	Matrix protein 1
1016027241	DNA pilot protein
1016027242	Uncharacterized protein
1016027243	Capsid protein C
1016027244	Uncharacterized protein
1016027245	Capsid protein C
1016027246	Uncharacterized protein
1016027247	Polymerase
1016027248	Capsid protein C
1016027249	Putative tail fiber protein
1016027250	Uncharacterized protein
1016027251	Capsid protein C
1016027252	Capsid protein C
1016027253	Putative packaged DNA stabilization protein
1016027254	Uncharacterized protein
1016027255	Polymerase basic protein 2
1016027256	Nuclear export protein
1016027257	DNA pilot protein
1016027258	Major capsid protein
1016027259	Major capsid protein
1016027260	Replication initiation protein
1016027261	Major capsid protein
1016027262	DNA pilot protein
1016027263	DNA pilot protein
1016027264	Polymerase basic protein 2
1016027265	Capsid scaffolding protein
1016027266	Uncharacterized protein
1016027267	Matrix protein 1
1016027268	Nucleoprotein
1016027269	Nuclear export protein
1016027270	Polymerase basic protein 2
1016027271	Nuclear export protein
1016027272	Neuraminidase
1016027273	Uncharacterized protein
1016027274	Nuclear export protein
1016027275	Matrix protein 1
1016027276	Uncharacterized protein
1016027277	Protein PA-X
1016027278	Uncharacterized protein
1016027279	Polymerase
1016027280	DNA pilot protein
1016027281	Protein PB1-F2
1016027282	Polymerase acidic protein
1016027283	Replication initiation protein
1016027284	Capsid protein C
1016027285	Polymerase
1016027286	Matrix protein 1
1016027287	Uncharacterized protein
1016027288	Uncharacterized protein
1016027289	Matrix protein 2
1016027290	Protein PA-X
1016027291	Uncharacterized protein
1016027292	Neuraminidase
1016027293	Replication initiation protein
1016027294	Major capsid protein
1016027295	Uncharacterized protein
1016027296	Replication initiation protein
1016027297	Polymerase basic protein 2
1016027298	Uncharacterized protein
1016027299	Matrix protein 2
1016027300	Matrix protein 1
1016027301	Nucleoprotein
1016027302	Matrix protein 2
1016027303	RNA-directed RNA polymerase catalytic subunit
1016027304	Major capsid protein
1016027305	RNA-directed RNA polymerase catalytic subunit
1016027306	RNA-directed RNA polymerase catalytic subunit
1016027307	Nonstructural protein
1016027308	Polymerase basic protein 2
1016027309	Protein PA-X
1016027310	Nucleoprotein
1016027311	Uncharacterized protein
1016027312	Uncharacterized protein
1016027313	Protein PB1-F2
1016027314	Non-structural protein 1
1016027315	Hemagglutinin
1016027316	Polymerase basic protein 2
1016027317	Polymerase
1016027318	Large envelope protein
1016027319	Nuclear export protein
1016027320	Matrix protein 1
1016027321	Uncharacterized protein
1016027322	RNA-directed RNA polymerase catalytic subunit
1016027323	Uncharacterized protein
1016027324	DNA pilot protein
1016027325	DNA pilot protein
1016027326	Uncharacterized protein
1016027327	Uncharacterized protein
1016027328	DNA pilot protein
1016027329	DNA pilot protein
1016027330	Replication initiation protein
1016027331	Uncharacterized protein
1016027332	DNA pilot protein
1016027333	DNA pilot protein
1016027334	Uncharacterized protein
1016027335	Major capsid protein
1016027336	Nucleoprotein
1016027337	Protein PB1-F2
1016027338	Non-structural protein 1
1016027339	Hemagglutinin
1016027340	Polymerase acidic protein
1016027341	Matrix protein 2
1016027342	Protein PA-X
1016027343	Neuraminidase
1016027344	Protein PB1-F2
1016027345	Major capsid protein
1016027346	Uncharacterized protein
1016027347	Uncharacterized protein
1016027348	Protein PA-X
1016027349	Large S protein
1016027350	Neuraminidase
1016027351	Polymerase
1016027352	Uncharacterized protein
1016027353	Uncharacterized protein
1016027354	Polymerase acidic protein
1016027355	Matrix protein 2
1016027356	Major capsid protein
1016027357	Major capsid protein
1016027358	Uncharacterized protein
1016027359	Uncharacterized protein
1016027360	DNA pilot protein
1016027361	Uncharacterized protein
1016027362	Non-structural polyprotein
1016027363	Uncharacterized protein
1016027364	Replication initiation protein
1016027365	Replication initiation protein
1016027366	DNA pilot protein
1016027367	Uncharacterized protein
1016027368	Peptidase_M15_4 domain-containing protein
1016027369	Replication initiation protein
1016027370	Uncharacterized protein
1016027371	Major capsid protein
1016027372	Polymerase acidic protein
1016027373	Nucleoprotein
1016027374	Protein PA-X
1016027375	Neuraminidase
1016027376	Uncharacterized protein
1016027377	Uncharacterized protein
1016027378	Protein PA-X
1016027379	Neuraminidase
1016027380	Non-structural protein 1
1016027381	Polymerase
1016027382	Major capsid protein
1016027383	Uncharacterized protein
1016027384	Heat shock protein 70
1016027385	Polymerase basic protein 2
1016027386	Uncharacterized protein
1016027387	Nuclear export protein
1016027388	Matrix protein 1
1016027389	Uncharacterized protein
1016027390	Uncharacterized protein
1016027391	Major capsid protein
1016027392	Non-structural polyprotein
1016027393	Uncharacterized protein
1016027394	Uncharacterized protein
1016027395	Uncharacterized protein
1016027396	Uncharacterized protein
1016027397	Replication initiation protein
1016027398	Uncharacterized protein
1016027399	Major capsid protein
1016027400	Uncharacterized protein
1016027401	Uncharacterized protein
1016027402	Polymerase acidic protein
1016027403	Nucleoprotein
1016027404	Major capsid protein
1016027405	Major capsid protein
1016027406	Protein PB1-F2
1016027407	Replication initiation protein
1016027408	BM2
1016027409	Uncharacterized protein
1016027410	Uncharacterized protein
1016027411	Large envelope protein
1016027412	Uncharacterized protein
1016027413	Uncharacterized protein
1016027414	Uncharacterized protein
1016027415	Uncharacterized protein
1016027416	Uncharacterized protein
1016027417	Coat protein
1016027418	Uncharacterized protein
1016027419	Uncharacterized protein
1016027420	Uncharacterized protein
1016027421	Uncharacterized protein
1016027422	Uncharacterized protein
1016027423	Major capsid protein
1016027424	DNA pilot protein
1016027425	Replication initiation protein
1016027426	Major capsid protein
1016027427	Non-structural polyprotein
1016027428	Uncharacterized protein
1016027429	Replication initiation protein
1016027430	Uncharacterized protein
1016027431	Replication initiation protein
1016027432	V2 protein
1016027433	Replication initiation protein
1016027434	Non-structural polyprotein
1016027435	Uncharacterized protein
1016027436	Uncharacterized protein
1016027437	Uncharacterized protein
1016027438	Uncharacterized protein
1016027439	Putative peptidase M15
1016027440	Uncharacterized protein
1016027441	Uncharacterized protein
1016027442	Uncharacterized protein
1016027443	PDDEXK_5 domain-containing protein
1016027444	Neuraminidase
1016027445	Uncharacterized protein
1016027446	Putative concanavalin A-like lectin/glucanases superfamily protein
1016027447	Muraidase domain-containing protein
1016027448	Uncharacterized protein
1016027449	Uncharacterized protein
1016027450	Uncharacterized protein
1016027451	Crossover junction endodeoxyribonuclease RusA
1016027452	RHH_1 domain-containing protein
1016027453	Uncharacterized protein
1016027454	Uncharacterized protein
1016027455	Uncharacterized protein
1016027456	DNA pilot protein
1016027457	Major capsid protein
1016027458	Uncharacterized protein
1016027459	Uncharacterized protein
1016027460	Non-structural polyprotein
1016027461	Uncharacterized protein
1016027462	Replication initiation protein
1016027463	Uncharacterized protein
1016027464	Uncharacterized protein
1016027465	Major capsid protein
1016027466	Peptidase_M15_4 domain-containing protein
1016027467	Replication initiation protein
1016027468	Putative serine recombinase
1016027469	Uncharacterized protein
1016027470	Replication initiation protein
1016027471	Non-structural polyprotein
1016027472	Peptidase_M15_4 domain-containing protein
1016027473	DNA pilot protein
1016027474	Uncharacterized protein
1016027475	Putative structural protein
1016027476	Large envelope protein
1016027477	Uncharacterized protein
1016027478	Uncharacterized protein
1016027479	Glycoprotein NB
1016027480	Neuraminidase
1016027481	Uncharacterized protein
1016027482	Uncharacterized protein
1016027483	Uncharacterized protein
1016027484	Uncharacterized protein
1016027485	Metallophos domain-containing protein
1016027486	Uncharacterized protein
1016027487	Uncharacterized protein
1016027488	Replication initiation protein
1016027489	Uncharacterized protein
1016027490	Uncharacterized protein
1016027491	Uncharacterized protein
1016027492	Uncharacterized protein
1016027493	Uncharacterized protein
1016027494	Uncharacterized protein
1016027495	Uncharacterized protein
1016027496	Replication initiation protein
1016027497	Uncharacterized protein
1016027498	Uncharacterized protein
1016027499	Replication initiation protein
1016027500	Replication initiation protein
1016027501	Non-structural polyprotein
1016027502	Non-structural polyprotein
1016027503	Uncharacterized protein
1016027504	Replication initiation protein
1016027505	Uncharacterized protein
1016027506	DNA pilot protein
1016027507	Coat protein
1016027508	Polymerase
1016027509	Uncharacterized protein
1016027510	Polymerase
1016027511	NS3 protein
1016027512	Matrix protein 1
1016027513	Uncharacterized protein
1016027514	Polymerase acidic protein
1016027515	Uncharacterized protein
1016027516	Large envelope protein
1016027517	Uncharacterized protein
1016027518	Uncharacterized protein
1016027519	Putative essential recombination function protein
1016027520	Uncharacterized protein
1016027521	Uncharacterized protein
1016027522	Uncharacterized protein
1016027523	Uncharacterized protein
1016027524	Major capsid protein
1016027525	Major capsid protein
1016027526	Uncharacterized protein
1016027527	Non-structural polyprotein
1016027528	Uncharacterized protein
1016027529	Uncharacterized protein
1016027530	Replication initiation protein
1016027531	Uncharacterized protein
1016027532	Uncharacterized protein
1016027533	Uncharacterized protein
1016027534	Major capsid protein
1016027535	Uncharacterized protein
1016027536	Non-structural polyprotein
1016027537	Non-structural polyprotein
1016027538	Uncharacterized protein
1016027539	Non-structural protein 1
1016027540	Coat protein
1016027541	Polymerase
1016027542	Putative DNA (Cytosine-5)-methyltransferase
1016027543	Uncharacterized protein
1016027544	Uncharacterized protein
1016027545	NS3 protein
1016027546	Replication initiator protein
1016027547	Uncharacterized protein
1016027548	Uncharacterized protein
1016027549	Large envelope protein
1016027550	Uncharacterized protein
1016027551	Uncharacterized protein
1016027552	Putative DNA (Cytosine-5)-methyltransferase
1016027553	Uncharacterized protein
1016027554	Major capsid protein
1016027555	Replication initiation protein
1016027556	Uncharacterized protein
1016027557	Uncharacterized protein
1016027558	Capsid protein
1016027559	Uncharacterized protein
1016027560	Uncharacterized protein
1016027561	Replication initiation protein
1016027562	Uncharacterized protein
1016027563	Replication initiation protein
1016027564	Matrix protein 2
1016027565	Polymerase acidic protein
1016027566	Matrix protein 2
1016027567	DNA pilot protein
1016027568	Polymerase acidic protein
1016027569	Non-structural polyprotein
1016027570	Major capsid protein
1016027571	Major capsid protein
1016027572	Replication initiation protein
1016027573	Uncharacterized protein
1016027574	Uncharacterized protein
1016027575	Protein ninG
1016027576	p1 protein
1016027577	Large envelope protein
1016027578	Putative modification methylase
1016027579	Polymerase acidic protein
1016027580	Polymerase
1016027581	Uncharacterized protein
1016027582	HNHc domain-containing protein
1016027583	Uncharacterized protein
1016027584	Uncharacterized protein
1016027585	Putative peptidase M15
1016027586	Uncharacterized protein
1016027587	Metallophos domain-containing protein
1016027588	Uncharacterized protein
1016027589	Putative peptidase
1016027590	Uncharacterized protein
1016027591	Large envelope protein
1016027592	Non-structural protein 1
1016027593	Hemagglutinin
1016027594	Hemagglutinin
1016027595	Protein PB1-F2
1016027596	Hemagglutinin
1016027597	Matrix protein 2
1016027598	Non-structural protein 1
1016027599	Hemagglutinin
1016027600	Non-structural protein 1
1016027601	NS3 protein
1016027602	Replication initiation protein
1016027603	Polymerase basic protein 2
1016027604	Uncharacterized protein
1016027605	Uncharacterized protein
1016027606	Uncharacterized protein
1016027607	Putative structural protein
1016027608	Uncharacterized protein
1016027609	Core protein
1016027610	Polymerase
1016027611	p1 protein
1016027612	Large envelope protein
1016027613	Protein PB1-F2
1016027614	Uncharacterized protein
1016027615	Uncharacterized protein
1016027616	Putative portal protein
1016027617	Matrix protein 2
1016027618	Uncharacterized protein
1016027619	Uncharacterized protein
1016027620	Core protein
1016027621	Uncharacterized protein
1016027622	Uncharacterized protein
1016027623	AAA_5 domain-containing protein
1016027624	Uncharacterized protein
1016027625	Hemagglutinin
1016027626	Protein PB1-F2
1016027627	Non-structural protein 1
1016027628	Protein PB1-F2
1016027629	Replication initiation protein
1016027630	Neuraminidase
1016027631	Neuraminidase
1016027632	Major capsid protein
1016027633	Neuraminidase
1016027634	Uncharacterized protein
1016027635	Uncharacterized protein
1016027636	Major capsid protein
1016027637	DNA pilot protein
1016027638	DNA pilot protein
1016027639	Peptidase_M15_4 domain-containing protein
1016027640	Uncharacterized protein
1016027641	Core protein
1016027642	Large envelope protein
1016027643	Replication initiation protein
1016027644	Polymerase
1016027645	Core protein
1016027646	Core protein
1016027647	Uncharacterized protein
1016027648	Core protein
1016027649	Uncharacterized protein
1016027650	Core protein
1016027651	Core protein
1016027652	Uncharacterized protein
1016027653	Uncharacterized protein
1016027654	Uncharacterized protein
1016027655	Uncharacterized protein
1016027656	Uncharacterized protein
1016027657	Uncharacterized protein
1016027658	Uncharacterized protein
1016027659	Uncharacterized protein
1016027660	Protein PA-X
1016027661	Nuclear export protein
1016027662	Protein PA-X
1016027663	Neuraminidase
1016027664	Polymerase basic protein 2
1016027665	Matrix protein 1
1016027666	Matrix protein 1
1016027667	Core protein
1016027668	Core protein
1016027669	Core protein
1016027670	Protein PA-X
1016027671	Matrix protein 1
1016027672	Polymerase basic protein 2
1016027673	Large envelope protein
1016027674	Large envelope protein
1016027675	Polymerase basic protein 2
1016027676	Core protein
1016027677	Minor capsid protein
1016027678	Core protein
1016027679	Core protein
1016027680	Putative terminase large subunit
1016027681	Core protein
1016027682	Uncharacterized protein
1016027683	Uncharacterized protein
1016027684	Uncharacterized protein
1016027685	Core protein
1016027686	Uncharacterized protein
1016027687	Uncharacterized protein
1016027688	Uncharacterized protein
1016027689	Uncharacterized protein
1016027690	Uncharacterized protein
1016027691	Large envelope protein
1016027692	Protein PA-X
1016027693	Uncharacterized protein
1016027694	Nuclear export protein
1016027695	Core protein
1016027696	Core protein
1016027697	Matrix protein 1
1016027698	Matrix protein 2
1016027699	Polymerase basic protein 2
1016027700	Core protein
1016027701	Nuclear export protein
1016027702	RNA-directed RNA polymerase catalytic subunit
1016027703	Nucleoprotein
1016027704	Uncharacterized protein
1016027705	Large envelope protein
1016027706	Replication initiation protein
1016027707	Replication initiator protein
1016027708	Nuclear export protein
1016027709	Core protein
1016027710	NS5A protein
1016027711	DNA pilot protein
1016027712	Uncharacterized protein
1016027713	Large envelope protein
1016027714	Uncharacterized protein
1016027715	Uncharacterized protein
1016027716	Uncharacterized protein
1016027717	Uncharacterized protein
1016027718	Uncharacterized protein
1016027719	Uncharacterized protein
1016027720	Uncharacterized protein
1016027721	Uncharacterized protein
1016027722	Uncharacterized protein
1016027723	Putative ATP-dependent DNA helicase
1016027724	Polymerase basic protein 2
1016027725	Polymerase acidic protein
1016027726	Nuclear export protein
1016027727	Nucleoprotein
1016027728	Hemagglutinin
1016027729	Nucleoprotein
1016027730	Nucleoprotein
1016027731	Non-structural protein 1
1016027732	RNA-directed RNA polymerase catalytic subunit
1016027733	Nuclear export protein
1016027734	Matrix protein 1
1016027735	Major capsid protein
1016027736	Uncharacterized protein
1016027737	Matrix protein 2
1016027738	Large envelope protein
1016027739	Replication initiation protein
1016027740	Uncharacterized protein
1016027741	DNA pilot protein
1016027742	Replication initiation protein
1016027743	Uncharacterized protein
1016027744	Polymerase acidic protein
1016027745	Polymerase
1016027746	Large envelope protein
1016027747	Core protein
1016027748	Uncharacterized protein
1016027749	Uncharacterized protein
1016027750	Uncharacterized protein
1016027751	Core protein
1016027752	Uncharacterized protein
1016027753	Uncharacterized protein
1016027754	Uncharacterized protein
1016027755	Uncharacterized protein
1016027756	RNA-directed RNA polymerase catalytic subunit
1016027757	RNA-directed RNA polymerase catalytic subunit
1016027758	Uncharacterized protein
1016027759	Matrix protein 2
1016027760	Matrix protein 2
1016027761	Neuraminidase
1016027762	Matrix protein 2
1016027763	Protein PA-X
1016027764	Polymerase acidic protein
1016027765	Polymerase acidic protein
1016027766	HNHc domain-containing protein
1016027767	RNA-directed RNA polymerase catalytic subunit
1016027768	Putative concanavalin A-like lectin/glucanases superfamily protein
1016027769	Core protein
1016027770	Core protein
1016027771	Core protein
1016027772	NS5A protein
1016027773	Spike glycoprotein
1016027774	Protein PB1-F2
1016027775	Nucleoprotein
1016027776	Core protein
1016027777	Large envelope protein
1016027778	Core protein
1016027779	Core protein
1016027780	Uncharacterized protein
1016027781	Uncharacterized protein
1016027782	Uncharacterized protein
1016027783	Core protein
1016027784	Uncharacterized protein
1016027785	Uncharacterized protein
1016027786	Uncharacterized protein
1016027787	Uncharacterized protein
1016027788	VWFA domain-containing protein
1016027789	Uncharacterized protein
1016027790	Polymerase acidic protein
1016027791	Uncharacterized protein
1016027792	Core protein
1016027793	Hemagglutinin
1016027794	Hemagglutinin
1016027795	Hemagglutinin
1016027796	Non-structural protein 1
1016027797	Non-structural protein 1
1016027798	Non-structural protein 1
1016027799	RNA-directed RNA polymerase catalytic subunit
1016027800	Matrix protein 2
1016027801	Hemagglutinin
1016027802	Protein PB1-F2
1016027803	Polymerase basic protein 2
1016027804	Membrane protein
1016027805	DNA pilot protein
1016027806	NS5A protein
1016027807	Replication initiation protein
1016027808	Core protein
1016027809	Uncharacterized protein
1016027810	Large envelope protein
1016027811	Genome polyprotein
1016027812	Uncharacterized protein
1016027813	Uncharacterized protein
1016027814	Uncharacterized protein
1016027815	Uncharacterized protein
1016027816	Uncharacterized protein
1016027817	Core protein
1016027818	Putative terminase large subunit
1016027819	Uncharacterized protein
1016027820	Uncharacterized protein
1016027821	Capsid protein
1016027822	Nucleoprotein
1016027823	RNA-directed RNA polymerase catalytic subunit
1016027824	Protein PB1-F2
1016027825	Uncharacterized protein
1016027826	Replication initiation protein
1016027827	Uncharacterized protein
1016027828	Capsid protein
1016027829	Neuraminidase
1016027830	Uncharacterized protein
1016027831	Uncharacterized protein
1016027832	Replication initiation protein
1016027833	Uncharacterized protein
1016027834	Neuraminidase
1016027835	Capsid protein
1016027836	Core protein
1016027837	Core protein
1016027838	Protein PB1-F2
1016027839	Nucleoprotein
1016027840	Polymerase acidic protein
1016027841	Matrix protein 2
1016027842	Uncharacterized protein
1016027843	Core protein
1016027844	Core protein
1016027845	Uncharacterized protein
1016027846	Uncharacterized protein
1016027847	Uncharacterized protein
1016027848	Uncharacterized protein
1016027849	Putative glycosyl hydrolase
1016027850	Uncharacterized protein
1016027851	Uncharacterized protein
1016027852	Uncharacterized protein
1016027853	Uncharacterized protein
1016027854	Uncharacterized protein
1016027855	Hemagglutinin
1016027856	Matrix protein 2
1016027857	Uncharacterized protein
1016027858	Capsid protein
1016027859	Uncharacterized protein
1016027860	Uncharacterized protein
1016027861	Matrix protein 1
1016027862	Non-structural protein 1
1016027863	Protein PB1-F2
1016027864	Protein PA-X
1016027865	Replication initiation protein
1016027866	Uncharacterized protein
1016027867	Protein PA-X
1016027868	Core protein
1016027869	Core protein
1016027870	Matrix protein 1
1016027871	Capsid protein
1016027872	Uncharacterized protein
1016027873	Matrix protein 1
1016027874	Nucleoprotein
1016027875	RNA-directed RNA polymerase catalytic subunit
1016027876	RNA-directed RNA polymerase catalytic subunit
1016027877	Nucleoprotein
1016027878	Uncharacterized protein
1016027879	Uncharacterized protein
1016027880	Metallophos_2 domain-containing protein
1016027881	Uncharacterized protein
1016027882	Uncharacterized protein
1016027883	Uncharacterized protein
1016027884	Uncharacterized protein
1016027885	Uncharacterized protein
1016027886	DNA pilot protein
1016027887	Uncharacterized protein
1016027888	Non-structural protein 1
1016027889	Uncharacterized protein
1016027890	Uncharacterized protein
1016027891	Capsid protein
1016027892	Replication-associated protein
1016027893	ORF1
1016027894	Nuclear export protein
1016027895	Polymerase basic protein 2
1016027896	RNA-directed RNA polymerase catalytic subunit
1016027897	Matrix protein 1
1016027898	Protein PB1-F2
1016027899	Replication-associated protein
1016027900	Putative peptidase
1016027901	Capsid protein
1016027902	Nuclear export protein
1016027903	Capsid protein
1016027904	Nuclear export protein
1016027905	Polymerase basic protein 2
1016027906	Nucleoprotein
1016027907	Protein PA-X
1016027908	RNA-directed RNA polymerase catalytic subunit
1016027909	Matrix protein 1
1016027910	Non-structural protein 1
1016027911	DNA pilot protein
1016027912	Major capsid protein
1016027913	Minor capsid protein
1016027914	Uncharacterized protein
1016027915	Uncharacterized protein
1016027916	DNA pilot protein
1016027917	Uncharacterized protein
1016027918	Uncharacterized protein
1016027919	Matrix protein 2
1016027920	DNA pilot protein
1016027921	Neuraminidase
1016027922	Polymerase basic protein 2
1016027923	Neuraminidase
1016027924	Nucleoprotein
1016027925	Replication-associated protein
1016027926	DNA pilot protein
1016027927	Matrix protein 1
1016027928	Nucleoprotein
1016027929	Polymerase basic protein 2
1016027930	RNA-directed RNA polymerase catalytic subunit
1016027931	RNA-directed RNA polymerase catalytic subunit
1016027932	Nuclear export protein
1016027933	Protein PA-X
1016027934	ORF1
1016027935	Replication initiation protein
1016027936	Polymerase acidic protein
1016027937	Major capsid protein
1016027938	Uncharacterized protein
1016027939	RNA-directed RNA polymerase catalytic subunit
1016027940	Uncharacterized protein
1016027941	Uncharacterized protein
1016027942	Uncharacterized protein
1016027943	Nucleoprotein
1016027944	Uncharacterized protein
1016027945	Uncharacterized protein
1016027946	Uncharacterized protein
1016027947	CxxC_CXXC_SSSS domain-containing protein
1016027948	Uncharacterized protein
1016027949	Putative terminase large subunit
1016027950	Uncharacterized protein
1016027951	Uncharacterized protein
1016027952	DNA pilot protein
1016027953	Uncharacterized protein
1016027954	Uncharacterized protein
1016027955	Nuclear export protein
1016027956	Replication-associated protein
1016027957	Matrix protein 1
1016027958	Uncharacterized protein
1016027959	DNA pilot protein
1016027960	Polymerase basic protein 2
1016027961	Matrix protein 2
1016027962	ORF1
1016027963	RNA-directed RNA polymerase catalytic subunit
1016027964	Nuclear export protein
1016027965	Replication initiator protein
1016027966	Uncharacterized protein
1016027967	Protein PA-X
1016027968	DNA pilot protein
1016027969	Replication-associated protein
1016027970	Matrix protein 2
1016027971	Uncharacterized protein
1016027972	Minor capsid protein
1016027973	DNA pilot protein
1016027974	Major capsid protein
1016027975	Nonstructural protein
1016027976	Replication initiation protein
1016027977	Uncharacterized protein
1016027978	Uncharacterized protein
1016027979	Uncharacterized protein
1016027980	Uncharacterized protein
1016027981	Putative baseplate hub protein
1016027982	Uncharacterized protein
1016027983	Uncharacterized protein
1016027984	DUF2163 domain-containing protein
1016027985	Putative distal tail protein
1016027986	Uncharacterized protein
1016027987	HTH luxR-type domain-containing protein
1016027988	Polymerase acidic protein
1016027989	Matrix protein 2
1016027990	Uncharacterized protein
1016027991	Replication-associated protein
1016027992	Uncharacterized protein
1016027993	Polymerase acidic protein
1016027994	Nucleoprotein
1016027995	Tape_meas_lam_C domain-containing protein
1016027996	Uncharacterized protein
1016027997	Uncharacterized protein
1016027998	Putative thymidylate synthase
1016027999	Uncharacterized protein
1016028000	Hemagglutinin
1016028001	Polymerase acidic protein
1016028002	Polymerase basic protein 2
1016028003	Uncharacterized protein
1016028004	Matrix protein 2
1016028005	Major capsid protein
1016028006	Uncharacterized protein
1016028007	Uncharacterized protein
1016028008	Uncharacterized protein
1016028009	Replication-associated protein
1016028010	Uncharacterized protein
1016028011	Uncharacterized protein
1016028012	Uncharacterized protein
1016028013	Uncharacterized protein
1016028014	Uncharacterized protein
1016028015	Uncharacterized protein
1016028016	Uncharacterized protein
1016028017	Major capsid protein
1016028018	Uncharacterized protein
1016028019	Putative chaperone of endosialidase
1016028020	Uncharacterized protein
1016028021	Uncharacterized protein
1016028022	Replication-associated protein
1016028023	Uncharacterized protein
1016028024	Envelope protein E
1016028025	Uncharacterized protein
1016028026	Peptidase M15
1016028027	Putative endolysin
1016028028	Uncharacterized protein
1016028029	Uncharacterized protein
1016028030	Replication initiation protein
1016028031	Uncharacterized protein
1016028032	Uncharacterized protein
1016028033	Uncharacterized protein
1016028034	Uncharacterized protein
1016028035	Uncharacterized protein
1016028036	Uncharacterized protein
1016028037	Uncharacterized protein
1016028038	Polymerase acidic protein
1016028039	Matrix protein 2
1016028040	Neuraminidase
1016028041	Replication-associated protein
1016028042	Protein PA-X
1016028043	Uncharacterized protein
1016028044	Uncharacterized protein
1016028045	Putative peptidase M15
1016028046	Uncharacterized protein
1016028047	Uncharacterized protein
1016028048	Putative minor capsid protein 10B
1016028049	Uncharacterized protein
1016028050	Toprim domain-containing protein
1016028051	Replication initiator protein
1016028052	Uncharacterized protein
1016028053	Uncharacterized protein
1016028054	RNA-directed RNA polymerase catalytic subunit
1016028055	Major capsid protein
1016028056	Matrix protein 2
1016028057	Uncharacterized protein
1016028058	Uncharacterized protein
1016028059	Non-structural protein 1
1016028060	Polymerase acidic protein
1016028061	Non-structural protein 1
1016028062	Hemagglutinin
1016028063	HE
1016028064	Hemagglutinin
1016028065	Uncharacterized protein
1016028066	Uncharacterized protein
1016028067	Uncharacterized protein
1016028068	Uncharacterized protein
1016028069	Envelope protein E
1016028070	Uncharacterized protein
1016028071	Core protein
1016028072	Uncharacterized protein
1016028073	Uncharacterized protein
1016028074	Uncharacterized protein
1016028075	Uncharacterized protein
1016028076	Uncharacterized protein
1016028077	Uncharacterized protein
1016028078	Uncharacterized protein
1016028079	Uncharacterized protein
1016028080	Putative structural protein
1016028081	Protein ninG
1016028082	Uncharacterized protein
1016028083	Putative structural protein
1016028084	Uncharacterized protein
1016028085	Putative structural protein
1016028086	Polymerase basic protein 2
1016028087	Helix-turn-helix XRE family-like protein
1016028088	Uncharacterized protein
1016028089	Nucleoprotein
1016028090	Protein PB1-F2
1016028091	Nucleoprotein
1016028092	Non-structural protein 1
1016028093	RNA-directed RNA polymerase catalytic subunit
1016028094	Neuraminidase
1016028095	Protein PB1-F2
1016028096	Non-structural protein 1
1016028097	Uncharacterized protein
1016028098	Neuraminidase
1016028099	Neuraminidase
1016028100	Uncharacterized protein
1016028101	Non-structural protein 1
1016028102	Hemagglutinin
1016028103	Protein PB1-F2
1016028104	Hemagglutinin
1016028105	Core protein
1016028106	Uncharacterized protein
1016028107	Uncharacterized protein
1016028108	V1 protein
1016028109	Putative peptidase M15
1016028110	Uncharacterized protein
1016028111	Uncharacterized protein
1016028112	Uncharacterized protein
1016028113	Putative adenine-specific methylase
1016028114	Putative 7-cyano-7-deazaguanine synthase
1016028115	Uncharacterized protein
1016028116	Uncharacterized protein
1016028117	Replication initiator protein
1016028118	Metallophos domain-containing protein
1016028119	Protein PB1-F2
1016028120	Protein PA-X
1016028121	Uncharacterized protein
1016028122	DNA pilot protein
1016028123	Neuraminidase
1016028124	Protein PA-X
1016028125	Neuraminidase
1016028126	Matrix protein 1
1016028127	Matrix protein 1
1016028128	Matrix protein 1
1016028129	Protein PA-X
1016028130	Nuclear export protein
1016028131	Hemagglutinin
1016028132	Matrix protein 1
1016028133	Envelope protein E
1016028134	Matrix protein 2
1016028135	Protein PA-X
1016028136	Uncharacterized protein
1016028137	Protein PA-X
1016028138	Protein PB1-F2
1016028139	Major capsid protein
1016028140	Uncharacterized protein
1016028141	V1 protein
1016028142	Core protein
1016028143	Uncharacterized protein
1016028144	Uncharacterized protein
1016028145	Uncharacterized protein
1016028146	Putative virulence protein
1016028147	Uncharacterized protein
1016028148	Uncharacterized protein
1016028149	Uncharacterized protein
1016028150	Uncharacterized protein
1016028151	SNF2_N domain-containing protein
1016028152	Nuclear export protein
1016028153	Replication initiation protein
1016028154	Uncharacterized protein
1016028155	Matrix protein 1
1016028156	Nuclear export protein
1016028157	Nuclear export protein
1016028158	Matrix protein 1
1016028159	Uncharacterized protein
1016028160	Polymerase basic protein 2
1016028161	Matrix protein 1
1016028162	Nuclear export protein
1016028163	Polymerase basic protein 2
1016028164	Replication initiator protein
1016028165	Protein PB1-F2
1016028166	Protein PA-X
1016028167	RNA-directed RNA polymerase catalytic subunit
1016028168	Nuclear export protein
1016028169	Non-structural protein 1
1016028170	Uncharacterized protein
1016028171	Uncharacterized protein
1016028172	Uncharacterized protein
1016028173	Uncharacterized protein
1016028174	Uncharacterized protein
1016028175	Uncharacterized protein
1016028176	Uncharacterized protein
1016028177	Uncharacterized protein
1016028178	Uncharacterized protein
1016028179	Uncharacterized protein
1016028180	Uncharacterized protein
1016028181	Putative 7-carboxy-7-deazaguanine synthase
1016028182	Uncharacterized protein
1016028183	Uncharacterized protein
1016028184	Uncharacterized protein
1016028185	Nuclear export protein
1016028186	Nucleoprotein
1016028187	Capsid protein
1016028188	Polymerase basic protein 2
1016028189	Major capsid protein
1016028190	Nuclear export protein
1016028191	RNA-directed RNA polymerase catalytic subunit
1016028192	RNA-directed RNA polymerase catalytic subunit
1016028193	Matrix protein 2
1016028194	Nuclear export protein
1016028195	Hemagglutinin
1016028196	RNA-directed RNA polymerase catalytic subunit
1016028197	Matrix protein 1
1016028198	Polymerase basic protein 2
1016028199	Matrix protein 2
1016028200	Nucleoprotein
1016028201	Nucleoprotein
1016028202	Minor capsid protein
1016028203	Uncharacterized protein
1016028204	Core protein
1016028205	Uncharacterized protein
1016028206	Core protein
1016028207	Uncharacterized protein
1016028208	GTP cyclohydrolase I
1016028209	Putative terminase large subunit
1016028210	Uncharacterized protein
1016028211	Uncharacterized protein
1016028212	Uncharacterized protein
1016028213	Uncharacterized protein
1016028214	Putative tape measure protein
1016028215	Uncharacterized protein
1016028216	Putative peptidase
1016028217	Uncharacterized protein
1016028218	Polymerase basic protein 2
1016028219	Polymerase acidic protein
1016028220	Polymerase basic protein 2
1016028221	RNA-directed RNA polymerase catalytic subunit
1016028222	Capsid protein
1016028223	Hemagglutinin
1016028224	Nucleoprotein
1016028225	Non-structural protein 1
1016028226	RNA-directed RNA polymerase catalytic subunit
1016028227	Non-structural protein 1
1016028228	Matrix protein 2
1016028229	Minor capsid protein
1016028230	Polymerase basic protein 2
1016028231	Nucleoprotein
1016028232	Matrix protein 2
1016028233	Uncharacterized protein
1016028234	Nuclear export protein
1016028235	Capsid protein
1016028236	Core protein
1016028237	Nucleoprotein
1016028238	SLT domain-containing protein
1016028239	Uncharacterized protein
1016028240	Core protein
1016028241	Putative single-stranded DNA-binding protein
1016028242	Putative terminase small subunit
1016028243	Uncharacterized protein
1016028244	Uncharacterized protein
1016028245	Uncharacterized protein
1016028246	Uncharacterized protein
1016028247	Uncharacterized protein
1016028248	Uncharacterized protein
1016028249	Uncharacterized protein
1016028250	Large S protein
1016028251	Polymerase basic protein 2
1016028252	Matrix protein 2
1016028253	Hemagglutinin
1016028254	Polymerase acidic protein
1016028255	Polymerase acidic protein
1016028256	Hemagglutinin
1016028257	Nucleoprotein
1016028258	Matrix protein 2
1016028259	Protein PB1-F2
1016028260	Nucleoprotein
1016028261	Hemagglutinin
1016028262	Non-structural protein 1
1016028263	Neuraminidase
1016028264	Uncharacterized protein
1016028265	Matrix protein 2
1016028266	Replication initiation protein
1016028267	Polymerase basic protein 2
1016028268	Capsid protein
1016028269	RNA-directed RNA polymerase catalytic subunit
1016028270	Large S protein
1016028271	Polymerase acidic protein
1016028272	Uncharacterized protein
1016028273	Uncharacterized protein
1016028274	Bac_DnaA_C domain-containing protein
1016028275	Uncharacterized protein
1016028276	Uncharacterized protein
1016028277	Uncharacterized protein
1016028278	Uncharacterized protein
1016028279	Putative peptidase M15
1016028280	Uncharacterized protein
1016028281	Putative portal protein
1016028282	Uncharacterized protein
1016028283	Uncharacterized protein
1016028284	Polymerase acidic protein
1016028285	Protein PB1-F2
1016028286	Non-structural protein 1
1016028287	Neuraminidase
1016028288	RNA-directed RNA polymerase catalytic subunit
1016028289	Neuraminidase
1016028290	Hemagglutinin
1016028291	Hemagglutinin
1016028292	Protein PA-X
1016028293	Neuraminidase
1016028294	Non-structural protein 1
